{
  "config": {
    "n_folds": 5,
    "epochs": 60,
    "warmup_epochs": 5,
    "batch_size": 16,
    "lr": 0.0001,
    "weight_decay": 0.0001,
    "num_classes": 2,
    "seed": 42,
    "num_workers": 4,
    "class_weight_normal": 1.0,
    "class_weight_abnormal": 3.5,
    "label_smoothing": 0.1,
    "base_ch": 32,
    "d_model": 128,
    "n_mamba": 2,
    "max_grad_norm": 2.0,
    "base_dir": "data/classification-of-heart-sound-recordings-the-physionet-computing-in-cardiology-challenge-2016-1.0.0",
    "folders": [
      "training-a",
      "training-b",
      "training-c",
      "training-d",
      "training-e",
      "training-f"
    ],
    "tag": "final"
  },
  "device": "cuda",
  "torch_version": "2.5.1+cu121",
  "torch_cuda": "12.1",
  "gpu": "NVIDIA GeForce RTX 4070 Laptop GPU",
  "dataset": {
    "total": 3240,
    "normal": 2575,
    "abnormal": 665
  },
  "summary": {
    "proposed": {
      "accuracy": {
        "mean": 0.8962962962962964,
        "std_population": 0.008805767047955016,
        "std_sample": 0.009845146856627532,
        "values": [
          0.904320987654321,
          0.8904320987654321,
          0.8858024691358025,
          0.9089506172839507,
          0.8919753086419753
        ]
      },
      "sensitivity_abnormal_recall": {
        "mean": 0.8902255639097744,
        "std_population": 0.01548215058795037,
        "std_sample": 0.017309570576272682,
        "values": [
          0.8721804511278195,
          0.8872180451127819,
          0.8947368421052632,
          0.8796992481203008,
          0.9172932330827067
        ]
      },
      "specificity_normal_recall": {
        "mean": 0.897864077669903,
        "std_population": 0.01392654064236202,
        "std_sample": 0.015570345783867533,
        "values": [
          0.912621359223301,
          0.8912621359223301,
          0.883495145631068,
          0.916504854368932,
          0.8854368932038835
        ]
      },
      "macc": {
        "mean": 0.8940448207898386,
        "std_population": 0.004901597564806415,
        "std_sample": 0.0054801526766272875,
        "values": [
          0.8924009051755603,
          0.8892400905175559,
          0.8891159938681656,
          0.8981020512446164,
          0.9013650631432951
        ]
      },
      "precision_abnormal": {
        "mean": 0.6937490864790362,
        "std_population": 0.026800237840780432,
        "std_sample": 0.029963576812573615,
        "values": [
          0.7204968944099379,
          0.6781609195402298,
          0.664804469273743,
          0.73125,
          0.6740331491712708
        ]
      },
      "recall_abnormal": {
        "mean": 0.8902255639097744,
        "std_population": 0.01548215058795037,
        "std_sample": 0.017309570576272682,
        "values": [
          0.8721804511278195,
          0.8872180451127819,
          0.8947368421052632,
          0.8796992481203008,
          0.9172932330827067
        ]
      },
      "f1_abnormal": {
        "mean": 0.7792741353507567,
        "std_population": 0.013103107425957475,
        "std_sample": 0.014649719460461605,
        "values": [
          0.7891156462585034,
          0.7687296416938111,
          0.7628205128205128,
          0.7986348122866894,
          0.7770700636942676
        ]
      },
      "macro_f1": {
        "mean": 0.8557394865529421,
        "std_population": 0.009654724423823743,
        "std_sample": 0.010794310057848689,
        "values": [
          0.8636196993767566,
          0.8484699775708691,
          0.8438086303939962,
          0.8699056414374624,
          0.8528934839856266
        ]
      },
      "weighted_f1": {
        "mean": 0.9008162830949711,
        "std_population": 0.00765825862017954,
        "std_sample": 0.008562193431997597,
        "values": [
          0.9075402985915294,
          0.8954773977946904,
          0.8915516256302164,
          0.9119202351652327,
          0.8975918582931871
        ]
      }
    },
    "resnet1d": {
      "accuracy": {
        "mean": 0.8833333333333332,
        "std_population": 0.00432098765432097,
        "std_sample": 0.004831011062499526,
        "values": [
          0.8780864197530864,
          0.8811728395061729,
          0.8811728395061729,
          0.8904320987654321,
          0.8858024691358025
        ]
      },
      "sensitivity_abnormal_recall": {
        "mean": 0.9368421052631579,
        "std_population": 0.01994962279913024,
        "std_sample": 0.022304356352167428,
        "values": [
          0.9323308270676691,
          0.9172932330827067,
          0.9172932330827067,
          0.9699248120300752,
          0.9473684210526315
        ]
      },
      "specificity_normal_recall": {
        "mean": 0.8695145631067961,
        "std_population": 0.002853774457611478,
        "std_sample": 0.003190616839835928,
        "values": [
          0.8640776699029126,
          0.8718446601941747,
          0.8718446601941747,
          0.8699029126213592,
          0.8699029126213592
        ]
      },
      "macc": {
        "mean": 0.9031783341849771,
        "std_population": 0.009826952917614125,
        "std_sample": 0.010986867367737537,
        "values": [
          0.8982042484852908,
          0.8945689466384408,
          0.8945689466384408,
          0.9199138623257173,
          0.9086356668369954
        ]
      },
      "precision_abnormal": {
        "mean": 0.6496121208792511,
        "std_population": 0.006220067291946099,
        "std_sample": 0.0069542466447072545,
        "values": [
          0.6391752577319587,
          0.648936170212766,
          0.648936170212766,
          0.6581632653061225,
          0.6528497409326425
        ]
      },
      "recall_abnormal": {
        "mean": 0.9368421052631579,
        "std_population": 0.01994962279913024,
        "std_sample": 0.022304356352167428,
        "values": [
          0.9323308270676691,
          0.9172932330827067,
          0.9172932330827067,
          0.9699248120300752,
          0.9473684210526315
        ]
      },
      "f1_abnormal": {
        "mean": 0.7671719341922454,
        "std_population": 0.009999114065069934,
        "std_sample": 0.011179349382135315,
        "values": [
          0.7584097859327217,
          0.7601246105919003,
          0.7601246105919003,
          0.78419452887538,
          0.7730061349693251
        ]
      },
      "macro_f1": {
        "mean": 0.844667198783665,
        "std_population": 0.006336694858797976,
        "std_sample": 0.007084640228472852,
        "values": [
          0.838441219075752,
          0.8405751258087706,
          0.8405751258087706,
          0.8553857856372764,
          0.8483587375877554
        ]
      },
      "weighted_f1": {
        "mean": 0.8903511356261375,
        "std_population": 0.004203705136417159,
        "std_sample": 0.004699885221196898,
        "values": [
          0.8856202429347606,
          0.8880012011372344,
          0.8880012011372344,
          0.8973534709506166,
          0.8927795619708423
        ]
      }
    }
  },
  "oof_metrics": {
    "proposed": {
      "tn": 2312,
      "fp": 263,
      "fn": 73,
      "tp": 592,
      "confusion_matrix": [
        [
          2312,
          263
        ],
        [
          73,
          592
        ]
      ],
      "accuracy": 0.8962962962962963,
      "sensitivity_abnormal_recall": 0.8902255639097745,
      "specificity_normal_recall": 0.897864077669903,
      "macc": 0.8940448207898387,
      "precision_normal": 0.969392033542977,
      "recall_normal": 0.897864077669903,
      "f1_normal": 0.932258064516129,
      "support_normal": 2575,
      "precision_abnormal": 0.6923976608187135,
      "recall_abnormal": 0.8902255639097745,
      "f1_abnormal": 0.7789473684210526,
      "support_abnormal": 665,
      "macro_precision": 0.8308948471808453,
      "macro_recall": 0.8940448207898387,
      "macro_f1": 0.8556027164685909,
      "weighted_f1": 0.9007915173237754
    },